KERATIN,ASMA,CD45
0.356225098,-0.454998929,-0.085779064
-0.345658946,0.213412916,-0.206773617
-0.304689947,-0.119950697,0.445621169
-0.296644655,-0.317059176,-0.043042572
