CD45,CD3D,CD8A,CD4,CD20,PD1,FOXP3
0.490161449397663,0.546506289099186,-0.151819945680966,0.583067006067089,-0.0369481558739101,0.0172848177115085,0.986271036669959
0.578275614022146,0.464500278541458,-0.102186538594172,0.623975164569674,0.156028754412262,0.0364403693004917,-0.275053638098953
0.397259132536531,-0.0438215376074756,-0.214502441369851,0.320543281451023,-0.141597513349907,0.0258804478883047,-0.368273957611792
0.321920339719185,-0.160753477926337,-0.313271551433026,0.0329706614136089,-0.23843526807471,-0.28643998065495,-0.402986865845159
0.438976852354669,-0.0662349989518777,-0.175165661872631,0.0379856263314975,0.705572790890035,-0.163566155829029,-0.415695745939833
0.489247924124717,0.320839847693892,0.541365254556799,-0.0355407596449506,-0.0445337265788911,-0.0879233110010056,-0.385246678558568
0.552836057428073,0.618502895708353,0.726058467531163,-0.00126200269938301,-0.0661231927024149,0.536431500468138,-0.174537851483573
