KERATIN,ASMA,CD45
0.356225098435996,-0.454998928522431,-0.0857790643622169
-0.296644655279041,-0.317059175766095,-0.0430425715274955
-0.304689947432977,-0.119950697323602,0.44562116866768
-0.345658946134949,0.213412916293105,-0.206773616603024
